{"cameraMode":{"drawMode":0,"name":"Shaded","section":"Shading Mode"},"sceneLighting":true,"audioPlay":false,"sceneViewState":{"showFog":false,"showMaterialUpdate":false,"showSkybox":false,"showFlares":false,"showImageEffects":false,"showParticleSystems":false},"in2DMode":false,"pivot":{"x":10.746034622192383,"y":2.225332260131836,"z":2.8862366676330568},"rotation":{"x":-0.08419054746627808,"y":-0.021822815760970117,"z":0.001847706502303481,"w":-0.9962270259857178},"size":10.0,"orthographic":false}