{"cameraMode":{"drawMode":0,"name":"Shaded","section":"Shading Mode"},"sceneLighting":true,"audioPlay":false,"sceneViewState":{"showFog":false,"showMaterialUpdate":false,"showSkybox":false,"showFlares":false,"showImageEffects":false,"showParticleSystems":false},"in2DMode":false,"pivot":{"x":-4.821423530578613,"y":3.4765572547912599,"z":-7.671961307525635},"rotation":{"x":-0.0007556229247711599,"y":0.9088868498802185,"z":-0.0016442869091406465,"w":-0.4170534908771515},"size":10.0,"orthographic":false}