{"cameraMode":{"drawMode":0,"name":"Shaded","section":"Shading Mode"},"sceneLighting":true,"audioPlay":false,"sceneViewState":{"showFog":false,"showMaterialUpdate":false,"showSkybox":false,"showFlares":false,"showImageEffects":false,"showParticleSystems":false},"in2DMode":false,"pivot":{"x":-0.9624385833740234,"y":-6.344073295593262,"z":-16.967283248901368},"rotation":{"x":-0.054696276783943179,"y":0.9451267719268799,"z":-0.21811696887016297,"w":-0.23700526356697083},"size":10.0,"orthographic":false}